Accuracy,Ratio,model,datasets
0.61879464362443,0.0446659857063702,PASTE,DLPFC_sample1
NA,NA,STalign,DLPFC_sample1
0.276336904046694,1.74973964197883,Banksy,DLPFC_sample1
0.150344849348958,1.95459247100722,CellCharter,DLPFC_sample1
0.282871666897136,1.96098205914372,CN,DLPFC_sample1
NA,NA,GraphST,DLPFC_sample1
0.2364183557981,1.37912777123017,MENDER,DLPFC_sample1
NA,NA,NicheCompass,DLPFC_sample1
0.147897964142272,2.38399644450614,PRECAST,DLPFC_sample1
0.549010336786741,1.57172656085638,Spado,DLPFC_sample1
0.446842777638489,1.64940362504549,SPIRAL,DLPFC_sample1
0.257938769752448,2.16684165235658,STAIG,DLPFC_sample1
0.401047991337667,0.911965562808873,STAligner,DLPFC_sample1
0.843522858890208,0.124922181672262,SPACEL_Banksy,DLPFC_sample1
0.828459691869398,0.121983284709996,SPACEL_CellCharter,DLPFC_sample1
0.810008579740353,0.11370041810715,SPACEL_CN,DLPFC_sample1
0.237439245609615,0.79911165040058,SPACEL_GraphST,DLPFC_sample1
0.742984210179635,0.125343929937115,SPACEL_MENDER,DLPFC_sample1
NA,NA,SPACEL_NicheCompass,DLPFC_sample1
0.825784608879327,0.12745898188917,SPACEL_PRECAST,DLPFC_sample1
0.829421178540413,0.117214702867127,SPACEL_Spado,DLPFC_sample1
0.826105688080204,0.112122592580583,SPACEL_SPIRAL,DLPFC_sample1
0.838647835199691,0.123872030162199,SPACEL_STAIG,DLPFC_sample1
0.837682578263684,0.130853004197057,SPACEL_STAligner,DLPFC_sample1
0.813548591490424,0.0744269541713649,PASTE,DLPFC_sample2
NA,NA,STalign,DLPFC_sample2
0.854192366654514,0.274859547039886,Banksy,DLPFC_sample2
0.771455710831208,0.183253728471419,CellCharter,DLPFC_sample2
0.376470014010075,1.16512467430408,CN,DLPFC_sample2
0.791418497279064,0.117018236983662,GraphST,DLPFC_sample2
0.592990795794856,0.54946308539735,MENDER,DLPFC_sample2
NA,NA,NicheCompass,DLPFC_sample2
0.354183025774073,1.56384693472496,PRECAST,DLPFC_sample2
0.791586731872373,0.11657457192342,Spado,DLPFC_sample2
0.811080353525919,0.277779068496716,SPIRAL,DLPFC_sample2
0.727492252474986,0.286756658489291,STAIG,DLPFC_sample2
0.587257802981696,3.15828750614641,STAligner,DLPFC_sample2
0.869030832868331,0.190894391385183,SPACEL_Banksy,DLPFC_sample2
0.895887078013067,0.133726093783368,SPACEL_CellCharter,DLPFC_sample2
0.88900242903393,0.12369737445078,SPACEL_CN,DLPFC_sample2
0.80579590782252,0.111852231463932,SPACEL_GraphST,DLPFC_sample2
0.849499158915977,0.149687262750833,SPACEL_MENDER,DLPFC_sample2
NA,NA,SPACEL_NicheCompass,DLPFC_sample2
0.886968343407264,0.146260426782222,SPACEL_PRECAST,DLPFC_sample2
0.838402627532139,0.274728050461724,SPACEL_Spado,DLPFC_sample2
0.865593323297351,0.148805181904703,SPACEL_SPIRAL,DLPFC_sample2
0.84019330676847,0.161561053210323,SPACEL_STAIG,DLPFC_sample2
0.867391858210666,0.153360410982096,SPACEL_STAligner,DLPFC_sample2
0.846738946980023,0.0955791484696141,PASTE,DLPFC_sample3
NA,NA,STalign,DLPFC_sample3
0.572141073478476,0.396545397792592,Banksy,DLPFC_sample3
0.613613593822753,0.266451784446144,CellCharter,DLPFC_sample3
0.276000125380239,1.31740154403477,CN,DLPFC_sample3
0.757301706531121,0.150396950029439,GraphST,DLPFC_sample3
0.37292349656815,1.29363379409396,MENDER,DLPFC_sample3
NA,NA,NicheCompass,DLPFC_sample3
0.514078041549871,0.770259477046694,PRECAST,DLPFC_sample3
0.429396957058484,0.813792653061404,Spado,DLPFC_sample3
0.607085021046322,0.323788408924561,SPIRAL,DLPFC_sample3
0.53800668087097,0.443140765414233,STAIG,DLPFC_sample3
0.731961359942858,0.210809060164242,STAligner,DLPFC_sample3
0.876128728528412,0.102561075943724,SPACEL_Banksy,DLPFC_sample3
0.859736659022136,0.115312191786437,SPACEL_CellCharter,DLPFC_sample3
0.858157149949938,0.100064775847408,SPACEL_CN,DLPFC_sample3
0.745060815277186,0.156315239480977,SPACEL_GraphST,DLPFC_sample3
0.848748657099799,0.112241067136978,SPACEL_MENDER,DLPFC_sample3
NA,NA,SPACEL_NicheCompass,DLPFC_sample3
0.865204907935409,0.0962797986656064,SPACEL_PRECAST,DLPFC_sample3
0.860373178227118,0.0993933277857865,SPACEL_Spado,DLPFC_sample3
0.86736929922349,0.0934578615284843,SPACEL_SPIRAL,DLPFC_sample3
0.868479877062,0.0976014272428468,SPACEL_STAIG,DLPFC_sample3
0.868156403215967,0.103287896685575,SPACEL_STAligner,DLPFC_sample3
0.723266817019448,0.622595544956181,PASTE,MERFISH
0.236904719706462,10.6576987187358,STalign,MERFISH
0.317339950275849,1.0301130275497,Banksy,MERFISH
0.289287716501304,1.4716395694167,CellCharter,MERFISH
0.537960552459033,0.823938487758361,CN,MERFISH
0.193504898063522,1.28805099621216,GraphST,MERFISH
0.230777586266383,1.03370731446059,MENDER,MERFISH
0.282211034378769,1.2654285658558,NicheCompass,MERFISH
0.507347712205672,0.801016943040603,PRECAST,MERFISH
0.281606091666311,0.849877800589159,Spado,MERFISH
0.434129410587198,0.862069479167511,SPIRAL,MERFISH
0.217719382450615,1.67896809305112,STAIG,MERFISH
0.225968450481421,1.26357983375705,STAligner,MERFISH
0.761656168395268,0.66591422998415,SPACEL_Banksy,MERFISH
0.76191359158824,0.655825377766447,SPACEL_CellCharter,MERFISH
0.758854468920798,0.661080109414158,SPACEL_CN,MERFISH
0.754103074668666,0.668580313539183,SPACEL_GraphST,MERFISH
0.759678212608434,0.652695721730261,SPACEL_MENDER,MERFISH
0.761163746202503,0.65120633448852,SPACEL_NicheCompass,MERFISH
0.758436535080041,0.658008708138248,SPACEL_PRECAST,MERFISH
0.751747193359119,0.654333476512315,SPACEL_Spado,MERFISH
0.756252967590354,0.662286931978438,SPACEL_SPIRAL,MERFISH
0.762106399966095,0.646301067393681,SPACEL_STAIG,MERFISH
0.761594553703227,0.662372667303374,SPACEL_STAligner,MERFISH
0.665034458023878,0.924698081189027,PASTE,MERFISH_Brain_S3
0.115213184921233,11.9294803446486,STalign,MERFISH_Brain_S3
0.160654667502846,1.3770033631265,Banksy,MERFISH_Brain_S3
0.391790315909296,1.14174099528518,CellCharter,MERFISH_Brain_S3
0.14118193036104,1.46554733377639,CN,MERFISH_Brain_S3
0.557717751473783,0.991959393250301,GraphST,MERFISH_Brain_S3
0.165806955520783,1.13962070373497,MENDER,MERFISH_Brain_S3
0.144463023723472,1.4161475209085,NicheCompass,MERFISH_Brain_S3
0.111978746063355,1.31495452949481,PRECAST,MERFISH_Brain_S3
0.115213184921233,11.9294803446486,Spado,MERFISH_Brain_S3
0.27367204060282,1.12164245822533,SPIRAL,MERFISH_Brain_S3
0.77306843652236,0.961533638835916,STAIG,MERFISH_Brain_S3
0.68086293354774,0.964273253449282,STAligner,MERFISH_Brain_S3
0.842429884070813,0.925821894325416,SPACEL_Banksy,MERFISH_Brain_S3
0.842396201825927,0.924276876853139,SPACEL_CellCharter,MERFISH_Brain_S3
0.838858001415975,0.916855805783564,SPACEL_CN,MERFISH_Brain_S3
0.841638930593644,0.927227892917245,SPACEL_GraphST,MERFISH_Brain_S3
0.841347036143029,0.913925908170152,SPACEL_MENDER,MERFISH_Brain_S3
0.841859777772522,0.921612101315284,SPACEL_NicheCompass,MERFISH_Brain_S3
0.832026243465441,0.90738999965466,SPACEL_PRECAST,MERFISH_Brain_S3
0.741504686071445,1.25475842036009,SPACEL_Spado,MERFISH_Brain_S3
0.838982277508223,0.909055929448191,SPACEL_SPIRAL,MERFISH_Brain_S3
0.841270068265315,0.920491561421369,SPACEL_STAIG,MERFISH_Brain_S3
0.842859793849904,0.925119408534213,SPACEL_STAligner,MERFISH_Brain_S3
0.96150857789125,0.591104409692826,PASTE,BaristaSeq
0.970814521776613,0.589850240862982,STalign,BaristaSeq
0.174864534559867,3.02933489248775,Banksy,BaristaSeq
0.825714735913933,0.781953605032522,CellCharter,BaristaSeq
0.555686529148432,1.5038355296114,CN,BaristaSeq
0.979446988163685,0.592718919018783,GraphST,BaristaSeq
0.789945929353021,1.81636411947153,MENDER,BaristaSeq
0.51508075396782,0.850244876935764,NicheCompass,BaristaSeq
0.129567310284231,1.76817314130809,PRECAST,BaristaSeq
0.201527769398647,2.19948441871619,Spado,BaristaSeq
0.640894432553205,1.12963658519213,SPIRAL,BaristaSeq
0.796947742285418,0.804716966722038,STAIG,BaristaSeq
0.450913900532317,0.915118681808445,STAligner,BaristaSeq
0.840083881138444,0.719790750174853,SPACEL_Banksy,BaristaSeq
0.850116054465498,0.805107942338643,SPACEL_CellCharter,BaristaSeq
0.843419727577502,0.651143524340625,SPACEL_CN,BaristaSeq
0.980459078433316,0.585159655755014,SPACEL_GraphST,BaristaSeq
0.883993425388597,0.714737376462322,SPACEL_MENDER,BaristaSeq
0.831477836801692,0.741595907807663,SPACEL_NicheCompass,BaristaSeq
0.803238304356552,0.734452789914825,SPACEL_PRECAST,BaristaSeq
0.842382295017362,0.753029991672394,SPACEL_Spado,BaristaSeq
0.866330781876262,0.752423623265821,SPACEL_SPIRAL,BaristaSeq
0.849297718139271,0.782346136721473,SPACEL_STAIG,BaristaSeq
0.839046158805544,0.744932255166201,SPACEL_STAligner,BaristaSeq
0.835809433097613,0.673416330886482,PASTE,STARMap
0.813529632566554,0.659249893071586,STalign,STARMap
0.294481611063609,2.05177256482611,Banksy,STARMap
0.579691930723244,1.38501223113288,CellCharter,STARMap
0.887285579654975,0.763778865176191,CN,STARMap
0.813266587262874,0.660609533117781,GraphST,STARMap
0.813529632566554,0.662511454862252,MENDER,STARMap
0.792366435700744,0.836252711695035,NicheCompass,STARMap
0.290426857966672,1.83278257645578,PRECAST,STARMap
0.328886344092674,2.28018731473225,Spado,STARMap
0.666206262445649,1.1182685945711,SPIRAL,STARMap
0.782035974823383,0.730419477956792,STAIG,STARMap
0.797629713214146,0.78222792496272,STAligner,STARMap
0.892402307805005,0.856041643132962,SPACEL_Banksy,STARMap
0.89136630688247,0.753039326074679,SPACEL_CellCharter,STARMap
0.898658398785737,0.832074404601111,SPACEL_CN,STARMap
0.811890626714926,0.664915629249578,SPACEL_GraphST,STARMap
0.893917698196385,0.854001230003635,SPACEL_MENDER,STARMap
0.893200920946402,0.777411493000388,SPACEL_NicheCompass,STARMap
0.90031409520515,0.808757711907872,SPACEL_PRECAST,STARMap
0.909361315294575,0.852268744664322,SPACEL_Spado,STARMap
0.896836343783804,0.755905234746604,SPACEL_SPIRAL,STARMap
0.902331902785986,0.811677183835796,SPACEL_STAIG,STARMap
0.888958727583121,0.862063963345727,SPACEL_STAligner,STARMap
